6Y6AL2Z7,images/6Y6AL2Z7_1.jpg
6Y6AL2Z7,images/6Y6AL2Z7_2.jpg
6Y6AL2Z7,images/6Y6AL2Z7_3.jpg
VEAD2AJ4,images/VEAD2AJ4_1.jpg
VEAD2AJ4,images/VEAD2AJ4_2.jpg
VEAD2AJ4,images/VEAD2AJ4_3.jpg
VMH6O4J2,images/VMH6O4J2_1.jpg
VMH6O4J2,images/VMH6O4J2_2.jpg
VMH6O4J2,images/VMH6O4J2_3.jpg
UQ6AORFN,images/UQ6AORFN_1.jpg
UQ6AORFN,images/UQ6AORFN_2.jpg
MNK6S5B3,images/MNK6S5B3_1.jpg
MNK6S5B3,images/MNK6S5B3_2.jpg
MNK6S5B3,images/MNK6S5B3_3.jpg
U56ZK7VT,images/U56ZK7VT_1.jpg
U56ZK7VT,images/U56ZK7VT_2.jpg
U56ZK7VT,images/U56ZK7VT_3.jpg
ASW6SQA7,images/ASW6SQA7_1.jpg
ASW6SQA7,images/ASW6SQA7_2.jpg
ASW6SQA7,images/ASW6SQA7_3.jpg
3AL3A3HZ,images/3AL3A3HZ_1.jpg
3AL3A3HZ,images/3AL3A3HZ_2.jpg
3AL3A3HZ,images/3AL3A3HZ_3.jpg
ZK5BHDA6,images/ZK5BHDA6_1.jpg
ZK5BHDA6,images/ZK5BHDA6_2.jpg
ZK5BHDA6,images/ZK5BHDA6_3.jpg
RCWMRY5D,images/RCWMRY5D_1.jpg
RCWMRY5D,images/RCWMRY5D_2.jpg
RCWMRY5D,images/RCWMRY5D_3.jpg
SAJ7YMVQ,images/SAJ7YMVQ_1.jpg
SAJ7YMVQ,images/SAJ7YMVQ_2.jpg
SAJ7YMVQ,images/SAJ7YMVQ_3.jpg
2BXKOEWM,images/2BXKOEWM_1.jpg
2BXKOEWM,images/2BXKOEWM_2.jpg
OZUYMOKC,images/OZUYMOKC_1.jpg
OZUYMOKC,images/OZUYMOKC_2.jpg
OZUYMOKC,images/OZUYMOKC_3.jpg
EAQGARSX,images/EAQGARSX_1.jpg
EAQGARSX,images/EAQGARSX_2.jpg
C4ZTFYCV,images/C4ZTFYCV_1.jpg
C4ZTFYCV,images/C4ZTFYCV_2.jpg
5MQKXQWQ,images/5MQKXQWQ_1.jpg
5MQKXQWQ,images/5MQKXQWQ_2.jpg
5TANVICM,images/5TANVICM_1.jpg
5TANVICM,images/5TANVICM_2.jpg
BV3YPXUY,images/BV3YPXUY_1.jpg
BV3YPXUY,images/BV3YPXUY_2.jpg
BV3YPXUY,images/BV3YPXUY_3.jpg
6HERJDDA,images/6HERJDDA_1.jpg
6HERJDDA,images/6HERJDDA_2.jpg
IPJ2NK4F,images/IPJ2NK4F_1.jpg
IPJ2NK4F,images/IPJ2NK4F_2.jpg
I7HCR34C,images/I7HCR34C_1.jpg
I7HCR34C,images/I7HCR34C_2.jpg
I7HCR34C,images/I7HCR34C_3.jpg
U4753KVV,images/U4753KVV_1.jpg
U4753KVV,images/U4753KVV_2.jpg
BYDNO3TC,images/BYDNO3TC_1.jpg
BYDNO3TC,images/BYDNO3TC_2.jpg
LQO6PYSR,images/LQO6PYSR_1.jpg
LQO6PYSR,images/LQO6PYSR_2.jpg
LQO6PYSR,images/LQO6PYSR_3.jpg
ON7JPLJX,images/ON7JPLJX_1.jpg
ON7JPLJX,images/ON7JPLJX_2.jpg
ON7JPLJX,images/ON7JPLJX_3.jpg
U2KZZGUO,images/U2KZZGUO_1.jpg
U2KZZGUO,images/U2KZZGUO_2.jpg
U2KZZGUO,images/U2KZZGUO_3.jpg
H4LWSHKI,images/H4LWSHKI_1.jpg
H4LWSHKI,images/H4LWSHKI_2.jpg
QCB7T5QD,images/QCB7T5QD_1.jpg
QCB7T5QD,images/QCB7T5QD_2.jpg
QCB7T5QD,images/QCB7T5QD_3.jpg
L6M5KOMW,images/L6M5KOMW_1.jpg
L6M5KOMW,images/L6M5KOMW_2.jpg
L6M5KOMW,images/L6M5KOMW_3.jpg
EJJUE42F,images/EJJUE42F_1.jpg
EJJUE42F,images/EJJUE42F_2.jpg
33YIDS2M,images/33YIDS2M_1.jpg
33YIDS2M,images/33YIDS2M_2.jpg
QI2TSAZX,images/QI2TSAZX_1.jpg
QI2TSAZX,images/QI2TSAZX_2.jpg
BTSDJKDF,images/BTSDJKDF_1.jpg
BTSDJKDF,images/BTSDJKDF_2.jpg
BTSDJKDF,images/BTSDJKDF_3.jpg
I2CAU6WB,images/I2CAU6WB_1.jpg
I2CAU6WB,images/I2CAU6WB_2.jpg
I2CAU6WB,images/I2CAU6WB_3.jpg
UX3E34FX,images/UX3E34FX_1.jpg
UX3E34FX,images/UX3E34FX_2.jpg
UX3E34FX,images/UX3E34FX_3.jpg
JBNYKXPZ,images/JBNYKXPZ_1.jpg
JBNYKXPZ,images/JBNYKXPZ_2.jpg
JBNYKXPZ,images/JBNYKXPZ_3.jpg
XMLRH3JK,images/XMLRH3JK_1.jpg
XMLRH3JK,images/XMLRH3JK_2.jpg
XMLRH3JK,images/XMLRH3JK_3.jpg
YQDROU3V,images/YQDROU3V_1.jpg
YQDROU3V,images/YQDROU3V_2.jpg
YQDROU3V,images/YQDROU3V_3.jpg
GUTW6YRS,images/GUTW6YRS_1.jpg
GUTW6YRS,images/GUTW6YRS_2.jpg
GUTW6YRS,images/GUTW6YRS_3.jpg
PQEI2VLU,images/PQEI2VLU_1.jpg
PQEI2VLU,images/PQEI2VLU_2.jpg
PQEI2VLU,images/PQEI2VLU_3.jpg
PQEI2VLU,images/PQEI2VLU_4.jpg
33BXFXR3,images/33BXFXR3_1.jpg
33BXFXR3,images/33BXFXR3_2.jpg
II6UECHS,images/II6UECHS_1.jpg
II6UECHS,images/II6UECHS_2.jpg
II6UECHS,images/II6UECHS_3.jpg
BGLG67FS,images/BGLG67FS_1.jpg
BGLG67FS,images/BGLG67FS_2.jpg
4Z3VE56P,images/4Z3VE56P_1.jpg
4Z3VE56P,images/4Z3VE56P_2.jpg
4Z3VE56P,images/4Z3VE56P_3.jpg
2B4YTV67,images/2B4YTV67_1.jpg
2B4YTV67,images/2B4YTV67_2.jpg
2B4YTV67,images/2B4YTV67_3.jpg
7SWXMC4V,images/7SWXMC4V_1.jpg
7SWXMC4V,images/7SWXMC4V_2.jpg
7SWXMC4V,images/7SWXMC4V_3.jpg
QZST7L7C,images/QZST7L7C_1.jpg
QZST7L7C,images/QZST7L7C_2.jpg
QZST7L7C,images/QZST7L7C_3.jpg
UTKJRXPN,images/UTKJRXPN_1.jpg
UTKJRXPN,images/UTKJRXPN_2.jpg
UTKJRXPN,images/UTKJRXPN_3.jpg
XDFTZJUR,images/XDFTZJUR_1.jpg
XDFTZJUR,images/XDFTZJUR_2.jpg
HY3347TY,images/HY3347TY_1.jpg
HY3347TY,images/HY3347TY_2.jpg
PMXTM6Q6,images/PMXTM6Q6_1.jpg
PMXTM6Q6,images/PMXTM6Q6_2.jpg
PMXTM6Q6,images/PMXTM6Q6_3.jpg
CAI2MIOR,images/CAI2MIOR_1.jpg
CAI2MIOR,images/CAI2MIOR_2.jpg
H24F2TS4,images/H24F2TS4_1.jpg
H24F2TS4,images/H24F2TS4_2.jpg
H24F2TS4,images/H24F2TS4_3.jpg
OK6BPU6I,images/OK6BPU6I_1.jpg
OK6BPU6I,images/OK6BPU6I_2.jpg
OK6BPU6I,images/OK6BPU6I_3.jpg
TE67QQ2K,images/TE67QQ2K_1.jpg
TE67QQ2K,images/TE67QQ2K_2.jpg
ZSW27Q7T,images/ZSW27Q7T_1.jpg
ZSW27Q7T,images/ZSW27Q7T_2.jpg
46C7BMI2,images/46C7BMI2_1.jpg
46C7BMI2,images/46C7BMI2_2.jpg
53TBYZE2,images/53TBYZE2_1.jpg
53TBYZE2,images/53TBYZE2_2.jpg
ZRAKBGUI,images/ZRAKBGUI_1.jpg
ZRAKBGUI,images/ZRAKBGUI_2.jpg
ZRAKBGUI,images/ZRAKBGUI_3.jpg
C3ORWODU,images/C3ORWODU_1.jpg
C3ORWODU,images/C3ORWODU_2.jpg
C3ORWODU,images/C3ORWODU_3.jpg
ZFEYLS67,images/ZFEYLS67_1.jpg
ZFEYLS67,images/ZFEYLS67_2.jpg
DNF4LRAM,images/DNF4LRAM_1.jpg
DNF4LRAM,images/DNF4LRAM_2.jpg
DNF4LRAM,images/DNF4LRAM_3.jpg
S44LPSXQ,images/S44LPSXQ_1.jpg
S44LPSXQ,images/S44LPSXQ_2.jpg
RK3LYGET,images/RK3LYGET_1.jpg
RK3LYGET,images/RK3LYGET_2.jpg
RK3LYGET,images/RK3LYGET_3.jpg
Q6JOA3V6,images/Q6JOA3V6_1.jpg
Q6JOA3V6,images/Q6JOA3V6_2.jpg
R6JEZ7A7,images/R6JEZ7A7_1.jpg
R6JEZ7A7,images/R6JEZ7A7_2.jpg
EHLP7MPX,images/EHLP7MPX_1.jpg
EHLP7MPX,images/EHLP7MPX_2.jpg
EHLP7MPX,images/EHLP7MPX_3.jpg
DLLYBDG5,images/DLLYBDG5_1.jpg
DLLYBDG5,images/DLLYBDG5_2.jpg
DLLYBDG5,images/DLLYBDG5_3.jpg
F3RZOXCQ,images/F3RZOXCQ_1.jpg
F3RZOXCQ,images/F3RZOXCQ_2.jpg
F3RZOXCQ,images/F3RZOXCQ_3.jpg
7DO75DPL,images/7DO75DPL_1.jpg
7DO75DPL,images/7DO75DPL_2.jpg
2XMDY52V,images/2XMDY52V_1.jpg
2XMDY52V,images/2XMDY52V_2.jpg
PQ6XFKY4,images/PQ6XFKY4_1.jpg
PQ6XFKY4,images/PQ6XFKY4_2.jpg
G3K5IITB,images/G3K5IITB_1.jpg
G3K5IITB,images/G3K5IITB_2.jpg
G3K5IITB,images/G3K5IITB_3.jpg
XWBMAVQV,images/XWBMAVQV_1.jpg
XWBMAVQV,images/XWBMAVQV_2.jpg
XWBMAVQV,images/XWBMAVQV_3.jpg
M7MRC52S,images/M7MRC52S_1.jpg
M7MRC52S,images/M7MRC52S_2.jpg
M7MRC52S,images/M7MRC52S_3.jpg
QD65GPU4,images/QD65GPU4_1.jpg
QD65GPU4,images/QD65GPU4_2.jpg
QD65GPU4,images/QD65GPU4_3.jpg
EGI5WOST,images/EGI5WOST_1.jpg
EGI5WOST,images/EGI5WOST_2.jpg
UYQZGMIO,images/UYQZGMIO_1.jpg
UYQZGMIO,images/UYQZGMIO_2.jpg
YEQUW62T,images/YEQUW62T_1.jpg
YEQUW62T,images/YEQUW62T_2.jpg
YEQUW62T,images/YEQUW62T_3.jpg
3NM5RYGV,images/3NM5RYGV_1.jpg
3NM5RYGV,images/3NM5RYGV_2.jpg
HG2KLKCA,images/HG2KLKCA_1.jpg
HG2KLKCA,images/HG2KLKCA_2.jpg
HG2KLKCA,images/HG2KLKCA_3.jpg
INTTIL4X,images/INTTIL4X_1.jpg
INTTIL4X,images/INTTIL4X_2.jpg
INTTIL4X,images/INTTIL4X_3.jpg
QJVW3LYP,images/QJVW3LYP_1.jpg
QJVW3LYP,images/QJVW3LYP_2.jpg
QJVW3LYP,images/QJVW3LYP_3.jpg
FIHTJC7D,images/FIHTJC7D_1.jpg
FIHTJC7D,images/FIHTJC7D_2.jpg
FIHTJC7D,images/FIHTJC7D_3.jpg
T3G6VPPW,images/T3G6VPPW_1.jpg
T3G6VPPW,images/T3G6VPPW_2.jpg
KUF5OQOQ,images/KUF5OQOQ_1.jpg
KUF5OQOQ,images/KUF5OQOQ_2.jpg
VKPSH23M,images/VKPSH23M_1.jpg
VKPSH23M,images/VKPSH23M_2.jpg
467VG7QP,images/467VG7QP_1.jpg
467VG7QP,images/467VG7QP_2.jpg
HF3TAKF4,images/HF3TAKF4_1.jpg
HF3TAKF4,images/HF3TAKF4_2.jpg
HF3TAKF4,images/HF3TAKF4_3.jpg
HF3TAKF4,images/HF3TAKF4_4.jpg
PPMEJUFQ,images/PPMEJUFQ_1.jpg
PPMEJUFQ,images/PPMEJUFQ_2.jpg
2D2XXXLB,images/2D2XXXLB_1.jpg
2D2XXXLB,images/2D2XXXLB_2.jpg
2M36IFSG,images/2M36IFSG_1.jpg
2M36IFSG,images/2M36IFSG_2.jpg
2M36IFSG,images/2M36IFSG_3.jpg
JWJBOHXY,images/JWJBOHXY_1.jpg
JWJBOHXY,images/JWJBOHXY_2.jpg
ZGMZ7HVL,images/ZGMZ7HVL_1.jpg
ZGMZ7HVL,images/ZGMZ7HVL_2.jpg
LZMZ4ME6,images/LZMZ4ME6_1.jpg
LZMZ4ME6,images/LZMZ4ME6_2.jpg
LZMZ4ME6,images/LZMZ4ME6_3.jpg
7T33BV6N,images/7T33BV6N_1.jpg
7T33BV6N,images/7T33BV6N_2.jpg
IORO2RFG,images/IORO2RFG_1.jpg
IORO2RFG,images/IORO2RFG_2.jpg
IORO2RFG,images/IORO2RFG_3.jpg
YLLVZL2J,images/YLLVZL2J_1.jpg
YLLVZL2J,images/YLLVZL2J_2.jpg
MXGBCNCR,images/MXGBCNCR_1.jpg
MXGBCNCR,images/MXGBCNCR_2.jpg
MXGBCNCR,images/MXGBCNCR_3.jpg
NDBK6NSG,images/NDBK6NSG_1.jpg
NDBK6NSG,images/NDBK6NSG_2.jpg
NDBK6NSG,images/NDBK6NSG_3.jpg
C4RVXALF,images/C4RVXALF_1.jpg
C4RVXALF,images/C4RVXALF_2.jpg
DYCDCI7Q,images/DYCDCI7Q_1.jpg
DYCDCI7Q,images/DYCDCI7Q_2.jpg
QDSW65CR,images/QDSW65CR_1.jpg
QDSW65CR,images/QDSW65CR_2.jpg
QDSW65CR,images/QDSW65CR_3.jpg
QDSW65CR,images/QDSW65CR_4.jpg
IAP2IRVO,images/IAP2IRVO_1.jpg
IAP2IRVO,images/IAP2IRVO_2.jpg
WOTT5API,images/WOTT5API_1.jpg
WOTT5API,images/WOTT5API_2.jpg
H2F6GLEB,images/H2F6GLEB_1.jpg
H2F6GLEB,images/H2F6GLEB_2.jpg
ZSOIJWSP,images/ZSOIJWSP_1.jpg
ZSOIJWSP,images/ZSOIJWSP_2.jpg
ZSOIJWSP,images/ZSOIJWSP_3.jpg
L5XTDBIJ,images/L5XTDBIJ_1.jpg
L5XTDBIJ,images/L5XTDBIJ_2.jpg
L5XTDBIJ,images/L5XTDBIJ_3.jpg
OQPKAIVW,images/OQPKAIVW_1.jpg
OQPKAIVW,images/OQPKAIVW_2.jpg
KFGH2JUN,images/KFGH2JUN_1.jpg
KFGH2JUN,images/KFGH2JUN_2.jpg
T4ALLPFQ,images/T4ALLPFQ_1.jpg
T4ALLPFQ,images/T4ALLPFQ_2.jpg
UJH3XQSA,images/UJH3XQSA_1.jpg
UJH3XQSA,images/UJH3XQSA_2.jpg
UJH3XQSA,images/UJH3XQSA_3.jpg
LXITZO6Z,images/LXITZO6Z_1.jpg
LXITZO6Z,images/LXITZO6Z_2.jpg
QU3U2XZV,images/QU3U2XZV_1.jpg
QU3U2XZV,images/QU3U2XZV_2.jpg
QU3U2XZV,images/QU3U2XZV_3.jpg
WR722OEY,images/WR722OEY_1.jpg
WR722OEY,images/WR722OEY_2.jpg
GWWHRYCD,images/GWWHRYCD_1.jpg
GWWHRYCD,images/GWWHRYCD_2.jpg
GWWHRYCD,images/GWWHRYCD_3.jpg
AP63IZQC,images/AP63IZQC_1.jpg
AP63IZQC,images/AP63IZQC_2.jpg
5B4MU3IP,images/5B4MU3IP_1.jpg
5B4MU3IP,images/5B4MU3IP_2.jpg
5B4MU3IP,images/5B4MU3IP_3.jpg
SL2UI7OL,images/SL2UI7OL_1.jpg
SL2UI7OL,images/SL2UI7OL_2.jpg
D5WPAINO,images/D5WPAINO_1.jpg
D5WPAINO,images/D5WPAINO_2.jpg
D5WPAINO,images/D5WPAINO_3.jpg
RXDTARSC,images/RXDTARSC_1.jpg
RXDTARSC,images/RXDTARSC_2.jpg
RXDTARSC,images/RXDTARSC_3.jpg
X55PDSSZ,images/X55PDSSZ_1.jpg
X55PDSSZ,images/X55PDSSZ_2.jpg
PK3DYBBC,images/PK3DYBBC_1.jpg
PK3DYBBC,images/PK3DYBBC_2.jpg
PK3DYBBC,images/PK3DYBBC_3.jpg
PK3DYBBC,images/PK3DYBBC_4.jpg
MHCKLFZR,images/MHCKLFZR_1.jpg
MHCKLFZR,images/MHCKLFZR_2.jpg
OE6ST23V,images/OE6ST23V_1.jpg
OE6ST23V,images/OE6ST23V_2.jpg
CZ4HPYB7,images/CZ4HPYB7_1.jpg
CZ4HPYB7,images/CZ4HPYB7_2.jpg
MQTPSWYL,images/MQTPSWYL_1.jpg
MQTPSWYL,images/MQTPSWYL_2.jpg
MQTPSWYL,images/MQTPSWYL_3.jpg
YMHUS5AJ,images/YMHUS5AJ_1.jpg
YMHUS5AJ,images/YMHUS5AJ_2.jpg
YMHUS5AJ,images/YMHUS5AJ_3.jpg
B5PQTGN3,images/B5PQTGN3_1.jpg
B5PQTGN3,images/B5PQTGN3_2.jpg
LY64PXRL,images/LY64PXRL_1.jpg
LY64PXRL,images/LY64PXRL_2.jpg
LY64PXRL,images/LY64PXRL_3.jpg
LBBHX62A,images/LBBHX62A_1.jpg
LBBHX62A,images/LBBHX62A_2.jpg
LBBHX62A,images/LBBHX62A_3.jpg
VORH4SRX,images/VORH4SRX_1.jpg
VORH4SRX,images/VORH4SRX_2.jpg
ZW5MQWLA,images/ZW5MQWLA_1.jpg
ZW5MQWLA,images/ZW5MQWLA_2.jpg
BNBPC3CR,images/BNBPC3CR_1.jpg
BNBPC3CR,images/BNBPC3CR_2.jpg
JWBIEMUG,images/JWBIEMUG_1.jpg
JWBIEMUG,images/JWBIEMUG_2.jpg
LQUSB2XF,images/LQUSB2XF_1.jpg
LQUSB2XF,images/LQUSB2XF_2.jpg
6KU36IRR,images/6KU36IRR_1.jpg
6KU36IRR,images/6KU36IRR_2.jpg
6KU36IRR,images/6KU36IRR_3.jpg
6KU36IRR,images/6KU36IRR_4.jpg
RM3OTTXA,images/RM3OTTXA_1.jpg
RM3OTTXA,images/RM3OTTXA_2.jpg
WEACE6KE,images/WEACE6KE_1.jpg
WEACE6KE,images/WEACE6KE_2.jpg
N5P2WF6O,images/N5P2WF6O_1.jpg
N5P2WF6O,images/N5P2WF6O_2.jpg
TGHBPS4D,images/TGHBPS4D_1.jpg
TGHBPS4D,images/TGHBPS4D_2.jpg
Q6BIGCZ3,images/Q6BIGCZ3_1.jpg
Q6BIGCZ3,images/Q6BIGCZ3_2.jpg
Q6BIGCZ3,images/Q6BIGCZ3_3.jpg
Z3HOLLVL,images/Z3HOLLVL_1.jpg
Z3HOLLVL,images/Z3HOLLVL_2.jpg
WI2QPST3,images/WI2QPST3_1.jpg
WI2QPST3,images/WI2QPST3_2.jpg
WI2QPST3,images/WI2QPST3_3.jpg
FRUV7LFH,images/FRUV7LFH_1.jpg
FRUV7LFH,images/FRUV7LFH_2.jpg
FRUV7LFH,images/FRUV7LFH_3.jpg
RXEHWJ7Q,images/RXEHWJ7Q_1.jpg
RXEHWJ7Q,images/RXEHWJ7Q_2.jpg
OTJQVMRP,images/OTJQVMRP_1.jpg
OTJQVMRP,images/OTJQVMRP_2.jpg
OTJQVMRP,images/OTJQVMRP_3.jpg
BVLNQ2ZQ,images/BVLNQ2ZQ_1.jpg
BVLNQ2ZQ,images/BVLNQ2ZQ_2.jpg
GHW6YDDM,images/GHW6YDDM_1.jpg
GHW6YDDM,images/GHW6YDDM_2.jpg
GHW6YDDM,images/GHW6YDDM_3.jpg
3C6G2ZTG,images/3C6G2ZTG_1.jpg
3C6G2ZTG,images/3C6G2ZTG_2.jpg
EJ3N6WEC,images/EJ3N6WEC_1.jpg
EJ3N6WEC,images/EJ3N6WEC_2.jpg
EJ3N6WEC,images/EJ3N6WEC_3.jpg
XFLYCGVM,images/XFLYCGVM_1.jpg
XFLYCGVM,images/XFLYCGVM_2.jpg
XFLYCGVM,images/XFLYCGVM_3.jpg
JHHEC3OY,images/JHHEC3OY_1.jpg
JHHEC3OY,images/JHHEC3OY_2.jpg
L6M5S2SD,images/L6M5S2SD_1.jpg
L6M5S2SD,images/L6M5S2SD_2.jpg
KSWUUYPW,images/KSWUUYPW_1.jpg
KSWUUYPW,images/KSWUUYPW_2.jpg
KSWUUYPW,images/KSWUUYPW_3.jpg
2HZFPXMV,images/2HZFPXMV_1.jpg
2HZFPXMV,images/2HZFPXMV_2.jpg
Q4Q7SRFV,images/Q4Q7SRFV_1.jpg
Q4Q7SRFV,images/Q4Q7SRFV_2.jpg
Q4Q7SRFV,images/Q4Q7SRFV_3.jpg
PBE53YLQ,images/PBE53YLQ_1.jpg
PBE53YLQ,images/PBE53YLQ_2.jpg
PBE53YLQ,images/PBE53YLQ_3.jpg
22KW3DND,images/22KW3DND_1.jpg
22KW3DND,images/22KW3DND_2.jpg
DPUPK6IN,images/DPUPK6IN_1.jpg
DPUPK6IN,images/DPUPK6IN_2.jpg
DPUPK6IN,images/DPUPK6IN_3.jpg
